<?xml version="1.0" encoding="UTF-8"?>

<!-- 30초마다 설정 파일의 변경을 확인 하여 변경시 갱신 -->
<configuration scan="true" scanPeriod="30 seconds">
	
	<shutdownHook class="ch.qos.logback.core.hook.DelayingShutdownHook"/>
	
	<!-- log file path : Definition in setenv.sh in Tomcat CATALINA_HOME/bin-->
	<property name="LOG_PATH" value="c:/log" />
	<!-- log pattern -->
	<property name="LOG_PATTERN" value="%d{yyyy-MM-dd HH:mm:ss} [%thread] %-5level %logger{36}[%method:%line] - %msg%n" />	
	
	<!-- console log -->
	<appender name="console" class="ch.qos.logback.core.ConsoleAppender">
		<encoder class="ch.qos.logback.classic.encoder.PatternLayoutEncoder">
			<charset>UTF-8</charset>
			<pattern>${LOG_PATTERN}</pattern>
		</encoder>
	</appender>
	
	<!-- file log -->
	<appender name="FILE" class="ch.qos.logback.core.rolling.RollingFileAppender">
		<file>${LOG_PATH}/out.log</file>
		<rollingPolicy class="ch.qos.logback.core.rolling.TimeBasedRollingPolicy">
			<fileNamePattern>${LOG_PATH}/out-%d{yyyy-MM-dd}.log</fileNamePattern>
			<!-- file days limit -->
			<maxHistory>60</maxHistory>
			
		</rollingPolicy>
		<encoder class="ch.qos.logback.classic.encoder.PatternLayoutEncoder">
			<charset>UTF-8</charset>
			<pattern>${LOG_PATTERN}</pattern>
		</encoder>
	</appender>
	
	<!-- Logger -->
	<logger name="org.springframework" level="INFO" />
	<logger name="org.springframework.web.client.RestTemplate" level="DEBUG" />
	<logger name="com.restful.example.comm" level="DEBUG" />
	<logger name="com.restful.example.config" level="DEBUG" />
	<root level="INFO">
		<appender-ref ref="console" />
		<appender-ref ref="FILE" />
	</root>
	
</configuration>